original,singular,changed
Accountants and Auditors,Accountant/Auditor,true
Actuaries,Actuary,true
Acupuncturists,Acupuncturist,true
Adhesive Bonding Machine Operators and Tenders,Adhesive Bonding Machine Operator,true
"Administrative Law Judges, Adjudicators, and Hearing Officers",Administrative Law Judge,true
Administrative Services Managers,Administrative Service Manager,true
"Adult Basic Education, Adult Secondary Education, and English as a Second Language Instructors",English as a Second Language Instructor,true
Advertising Sales Agents,Advertising Sale Agent,true
Advertising and Promotions Managers,Advertising and Promotion Manager,true
Aerospace Engineering and Operations Technologists and Technicians,Aerospace Engineering Operations Technician,true
Aerospace Engineers,Aerospace Engineer,true
"Agents and Business Managers of Artists, Performers, and Athletes",Talent Agent,true
Agricultural Engineers,Agricultural Engineer,true
Agricultural Equipment Operators,Agricultural Equipment Operator,true
Agricultural Inspectors,Agricultural Inspector,true
"Agricultural Sciences Teachers, Postsecondary",Agricultural Science Teacher,true
Agricultural Technicians,Agricultural Technician,true
"Agricultural Workers, All Other",Agricultural Worker,true
Air Traffic Controllers,Air Traffic Controller,true
Aircraft Cargo Handling Supervisors,Aircraft Cargo Handling Supervisor,true
Aircraft Mechanics and Service Technicians,Aircraft Mechanic and Service Technician,true
Aircraft Service Attendants,Aircraft Service Attendant,true
"Aircraft Structure, Surfaces, Rigging, and Systems Assemblers",Aircraft Structure System Assembler,true
Airfield Operations Specialists,Airfield Operation Specialist,true
"Airline Pilots, Copilots, and Flight Engineers",Airline Pilot,true
"Ambulance Drivers and Attendants, Except Emergency Medical Technicians",Ambulance Driver/Attendant,true
Amusement and Recreation Attendants,Amusement and Recreation Attendant,true
Anesthesiologists,Anesthesiologist,true
Animal Breeders,Animal Breeder,true
Animal Caretakers,Animal Caretaker,true
Animal Control Workers,Animal Control Worker,true
Animal Scientists,Animal Scientist,true
Animal Trainers,Animal Trainer,true
Anthropologists and Archeologists,Anthropologist/Archeologist,true
"Anthropology and Archeology Teachers, Postsecondary",Anthropology/Archeology Teacher (Postsecondary),true
"Arbitrators, Mediators, and Conciliators",Arbitrator/Mediator,true
"Architects, Except Landscape and Naval",Architect,true
Architectural and Civil Drafters,Architectural/Civil Drafter,true
Architectural and Engineering Managers,Architectural and Engineering Manager,true
"Architecture Teachers, Postsecondary",Architecture Teacher (Postsecondary),true
Archivists,Archivist,true
"Area, Ethnic, and Cultural Studies Teachers, Postsecondary",Cultural Studies Teacher (Postsecondary),true
Art Directors,Art Director,true
"Art, Drama, and Music Teachers, Postsecondary",Art/Drama/Music Teacher (Postsecondary),true
"Artists and Related Workers, All Other",Artist,true
Astronomers,Astronomer,true
Athletes and Sports Competitors,Athlete,true
Athletic Trainers,Athletic Trainer,true
Atmospheric and Space Scientists,Atmospheric and Space Scientist,true
"Atmospheric, Earth, Marine, and Space Sciences Teachers, Postsecondary",Science Teacher (Postsecondary),true
Audio and Video Technicians,Audio and Video Technician,true
Audiologists,Audiologist,true
Audiovisual Equipment Installers and Repairers,Audiovisual Equipment Installer and Repairer,true
Automotive Body and Related Repairers,Automotive Body and Repairer,true
Automotive Glass Installers and Repairers,Automotive Glass Installer and Repairer,true
Automotive Service Technicians and Mechanics,Automotive Service Technician,true
Automotive and Watercraft Service Attendants,Automotive and Watercraft Service Attendant,true
Avionics Technicians,Avionic Technician,true
Baggage Porters and Bellhops,Baggage Porter/Bellhop,true
Bailiffs,Bailiff,true
Bakers,Baker,true
Barbers,Barber,true
Bartenders,Bartender,true
Bicycle Repairers,Bicycle Repairer,true
Bill and Account Collectors,Bill/Account Collector,true
Billing and Posting Clerks,Billing and Posting Clerk,true
Biochemists and Biophysicists,Biochemist/Biophysicist,true
Bioengineers and Biomedical Engineers,Biomedical Engineer,true
"Biological Science Teachers, Postsecondary",Biological Science Teacher (Postsecondary),true
"Biological Scientists, All Other",Biological Scientist,true
Biological Technicians,Biological Technician,true
Boilermakers,Boilermaker,true
"Bookkeeping, Accounting, and Auditing Clerks","Accounting, and Auditing Clerk",true
Brickmasons and Blockmasons,Brickmason,true
Bridge and Lock Tenders,Bridge and Lock Tender,true
Broadcast Announcers and Radio Disc Jockeys,Broadcast Announcer/Radio Disc Jockey,true
Broadcast Technicians,Broadcast Technician,true
Brokerage Clerks,Brokerage Clerk,true
Budget Analysts,Budget Analyst,true
"Building Cleaning Workers, All Other",Building Cleaning Worker,true
"Bus Drivers, School",Schoolbus Driver,true
"Bus Drivers, Transit and Intercity",Bus Driver,true
Bus and Truck Mechanics and Diesel Engine Specialists,Bus and Truck Mechanic,true
"Business Operations Specialists, All Other",Business Operation Specialist,true
"Business Teachers, Postsecondary",Business Teacher (Postsecondary),true
Butchers and Meat Cutters,Butcher,true
Buyers and Purchasing Agents,Buyer/Purchasing Agent,true
Cabinetmakers and Bench Carpenters,Cabinetmaker,true
Calibration Technologists and Technicians,Calibration Technologist,true
"Camera Operators, Television, Video, and Film",Camera Operator,true
Camera and Photographic Equipment Repairers,Camera and Photographic Equipment Repairer,true
"Captains, Mates, and Pilots of Water Vessels",Captain of Water Vessel,true
Cardiologists,Cardiologist,true
Cardiovascular Technologists and Technicians,Cardiovascular Technologist,true
"Career/Technical Education Teachers, Middle School",Career/Technical Education Teacher (Middle School),true
"Career/Technical Education Teachers, Postsecondary",Career/Technical Education Teacher (Postsecondary),true
"Career/Technical Education Teachers, Secondary School",Career/Technical Education Teacher (Secondary School),true
Cargo and Freight Agents,Cargo Agent,true
Carpenters,Carpenter,true
Carpet Installers,Carpet Installer,true
Cartographers and Photogrammetrists,Cartographer,true
Cashiers,Cashier,true
Cement Masons and Concrete Finishers,Cement Mason,true
Chefs and Head Cooks,Head Cook/Chef,true
Chemical Engineers,Chemical Engineer,true
Chemical Equipment Operators and Tenders,Chemical Equipment Operator and Tender,true
Chemical Plant and System Operators,Chemical Plant and System Operator,true
Chemical Technicians,Chemical Technician,true
"Chemistry Teachers, Postsecondary",Chemistry Teacher (Postsecondary),true
Chemists,Chemist,true
Chief Executives,Chief Executive,true
"Child, Family, and School Social Workers",Social Worker,true
Childcare Workers,Childcare Worker,true
Chiropractors,Chiropractor,true
Choreographers,Choreographer,true
Civil Engineering Technologists and Technicians,Civil Engineering Technologist,true
Civil Engineers,Civil Engineer,true
"Claims Adjusters, Examiners, and Investigators",Claim Adjuster/Investigator,true
Cleaners of Vehicles and Equipment,Vehicle and Equipment Cleaner,true
"Cleaning, Washing, and Metal Pickling Equipment Operators and Tenders",Cleaning Equipment Operator,true
Clergy,Clergy,false
Clinical Laboratory Technologists and Technicians,Clinical Laboratory Technologist,true
Clinical and Counseling Psychologists,Clinical/Counseling Psychologist,true
Coaches and Scouts,Coach/Scout,true
"Coating, Painting, and Spraying Machine Setters, Operators, and Tenders",Painting Machine Operator,true
"Coil Winders, Tapers, and Finishers",Coil Winder,true
"Coin, Vending, and Amusement Machine Servicers and Repairers",Coin/Vending/Amusement Machine Servicer,true
Commercial Divers,Commercial Diver,true
Commercial Pilots,Commercial Pilot,true
Commercial and Industrial Designers,Commercial and Industrial Designer,true
"Communications Equipment Operators, All Other",Communication Equipment Operator,true
"Communications Teachers, Postsecondary",Communication Teacher (Postsecondary),true
Community Health Workers,Community Health Worker,true
"Community and Social Service Specialists, All Other",Community and Social Service Specialist,true
Compensation and Benefits Managers,Compensation and Benefit Manager,true
"Compensation, Benefits, and Job Analysis Specialists","Compensation, Benefit, Job Analysis Specialist",true
Compliance Officers,Compliance Officer,true
Computer Hardware Engineers,Computer Hardware Engineer,true
Computer Network Architects,Computer Network Architect,true
Computer Network Support Specialists,Computer Network Support Specialist,true
Computer Numerically Controlled Tool Operators,Computer Numerically Controlled Tool Operator,true
Computer Numerically Controlled Tool Programmers,Computer Numerically Controlled Tool Programmer,true
"Computer Occupations, All Other",Computer User (Misc),true
Computer Programmers,Computer Programmer,true
"Computer Science Teachers, Postsecondary",Computer Science Teacher (Postsecondary),true
Computer Systems Analysts,Computer System Analyst,true
Computer User Support Specialists,Computer User Support Specialist,true
Computer and Information Research Scientists,Computer and Information Research Scientist,true
Computer and Information Systems Managers,Computer and Information System Manager,true
"Computer, Automated Teller, and Office Machine Repairers","Computer, Automated Teller, Office Machine Repairer",true
Concierges,Concierge,true
Conservation Scientists,Conservation Scientist,true
Construction Laborers,Construction Laborer,true
Construction Managers,Construction Manager,true
Construction and Building Inspectors,Construction and Building Inspector,true
Continuous Mining Machine Operators,Continuous Mining Machine Operator,true
"Control and Valve Installers and Repairers, Except Mechanical Door",Control and Valve Installer/Repairer,true
Conveyor Operators and Tenders,Conveyor Operator,true
"Cooks, All Other",Cook (Misc),true
"Cooks, Fast Food",Fast Food Cook,true
"Cooks, Institution and Cafeteria",Cafeteria Cook,true
"Cooks, Private Household",Private Cook,true
"Cooks, Restaurant",Restaurant Cook,true
"Cooks, Short Order",Short Order Cook,true
Cooling and Freezing Equipment Operators and Tenders,Cooling and Freezing Equipment Operator,true
Correctional Officers and Jailers,Correctional Officer,true
Correspondence Clerks,Correspondence Clerk,true
Cost Estimators,Cost Estimator,true
Costume Attendants,Costume Attendant,true
"Counselors, All Other",Counselor,true
Counter and Rental Clerks,Counter/Rental Clerk,true
Couriers and Messengers,Courier,true
Court Reporters and Simultaneous Captioners,Court Reporter/Captioner,true
"Court, Municipal, and License Clerks",Court Clerk,true
Craft Artists,Craft Artist,true
Crane and Tower Operators,Crane Operator,true
Credit Analysts,Credit Analyst,true
"Credit Authorizers, Checkers, and Clerks",Credit Clerk,true
Credit Counselors,Credit Counselor,true
Crematory Operators,Crematory Operator,true
"Criminal Justice and Law Enforcement Teachers, Postsecondary",Criminal Justice Teacher (Postsecondary),true
Crossing Guards and Flaggers,Crossing Guard/Flagger,true
"Crushing, Grinding, and Polishing Machine Setters, Operators, and Tenders","Crushing, Grinding, Polishing Machine Operator",true
Curators,Curator,true
Customer Service Representatives,Customer Service Representative,true
"Cutters and Trimmers, Hand",Hand Cutter/Trimmer,true
"Cutting and Slicing Machine Setters, Operators, and Tenders",Cutting and Slicing Machine Operator,true
"Cutting, Punching, and Press Machine Setters, Operators, and Tenders, Metal and Plastic","Cutting, Punching, Press Machine Operator",true
Data Entry Keyers,Datum Entry Keyer,true
Data Scientists,Datum Scientist,true
Database Administrators,Database Administrator,true
Database Architects,Database Architect,true
Demonstrators and Product Promoters,Demonstrator and Product Promoter,true
Dental Assistants,Dental Assistant,true
Dental Hygienists,Dental Hygienist,true
Dental Laboratory Technicians,Dental Laboratory Technician,true
"Dentists, All Other Specialists",Dentist (Specialist),true
"Dentists, General",Dentist (General),true
Dermatologists,Dermatologist,true
"Derrick Operators, Oil and Gas",Oil/Gas Derrick Operator,true
"Designers, All Other",Designer,true
Desktop Publishers,Desktop Publisher,true
Detectives and Criminal Investigators,Detective/Criminal Investigator,true
Diagnostic Medical Sonographers,Diagnostic Medical Sonographer,true
Dietetic Technicians,Dietetic Technician,true
Dietitians and Nutritionists,Dietitian/Nutritionist,true
Dining Room and Cafeteria Attendants and Bartender Helpers,Dining Room/Cafeteria/Bar Attendant,true
"Directors, Religious Activities and Education",Religious Activity and Education Director,true
Dishwashers,Dishwasher,true
"Dispatchers, Except Police, Fire, and Ambulance",Dispatcher (Non emergency),true
"Door-to-Door Sales Workers, News and Street Vendors, and Related Workers",Door-to-Door Sale Worker/Street Vendor,true
"Drafters, All Other",Drafter,true
Dredge Operators,Dredge Operator,true
"Drilling and Boring Machine Tool Setters, Operators, and Tenders, Metal and Plastic",Drilling and Boring Machine Operator,true
Driver/Sales Workers,Driver/Sales Worker,true
Drywall and Ceiling Tile Installers,Drywall and Ceiling Tile Installer,true
"Earth Drillers, Except Oil and Gas",Earth Driller (Non petroleum),true
"Economics Teachers, Postsecondary",Economic Teacher (Postsecondary),true
Economists,Economist,true
Editors,Editor,true
"Education Administrators, All Other",Education Administrator (Misc),true
"Education Administrators, Kindergarten through Secondary",Education Administrator (K-12),true
"Education Administrators, Postsecondary",Education Administrator (Postsecondary),true
"Education Teachers, Postsecondary",Education Teacher (Postsecondary),true
"Education and Childcare Administrators, Preschool and Daycare",Education/Childcare Administrator (Preschool),true
"Educational Instruction and Library Workers, All Other",Educational Instruction/Library Worker (Misc),true
"Educational, Guidance, and Career Counselors and Advisors",Educational/Guidance/Career Counselor,true
"Electric Motor, Power Tool, and Related Repairers",Electric Motor/Tool Repairer,true
Electrical Engineers,Electrical Engineer,true
Electrical Power-Line Installers and Repairers,Electrical Power-Line Installer/Repairer,true
Electrical and Electronic Engineering Technologists and Technicians,Electrical Engineering Technologist,true
Electrical and Electronics Drafters,Electrical and Electronic Drafter,true
"Electrical and Electronics Installers and Repairers, Transportation Equipment",Electrical and Electronic Installer/Repairer (Transportation),true
"Electrical and Electronics Repairers, Commercial and Industrial Equipment",Electrical and Electronic Repairer (Commercial/Industrial),true
"Electrical and Electronics Repairers, Powerhouse, Substation, and Relay",Electrical and Electronic Repairer (Infrastructure),true
"Electrical, Electronic, and Electromechanical Assemblers, Except Coil Winders, Tapers, and Finishers",Electrical Assembler,true
Electricians,Electrician,true
Electro-Mechanical and Mechatronics Technologists and Technicians,Electro-Mechanical Technologist,true
"Electronic Equipment Installers and Repairers, Motor Vehicles",Electronic Equipment Installer/Repairer (Auto),true
"Electronics Engineers, Except Computer",Electronic Engineer (Non Computer),true
"Elementary School Teachers, Except Special Education",Elementary School Teacher,true
Elevator and Escalator Installers and Repairers,Elevator and Escalator Installer/Repairer,true
"Eligibility Interviewers, Government Programs",Eligibility Interviewer (Government),true
Embalmers,Embalmer,true
Emergency Management Directors,Emergency Management Director,true
Emergency Medical Technicians,Emergency Medical Technician,true
Emergency Medicine Physicians,Emergency Medicine Physician,true
Engine and Other Machine Assemblers,Engine and Other Machine Assembler,true
"Engineering Teachers, Postsecondary",Engineering Teacher (Postsecondary),true
"Engineering Technologists and Technicians, Except Drafters, All Other",Engineering Technologist,true
"Engineers, All Other",Engineer (Misc),true
"English Language and Literature Teachers, Postsecondary",English/Literature Teacher (Postsecondary),true
"Entertainment Attendants and Related Workers, All Other",Entertainment Attendant,true
"Entertainment and Recreation Managers, Except Gambling",Entertainment/Recreation Manager,true
Environmental Engineering Technologists and Technicians,Environmental Engineering Technologist,true
Environmental Engineers,Environmental Engineer,true
"Environmental Science Teachers, Postsecondary",Environmental Science Teacher (Postsecondary),true
"Environmental Science and Protection Technicians, Including Health",Environmental Science and Protection Technician,true
"Environmental Scientists and Specialists, Including Health",Environmental Scientist (Specialist),true
Epidemiologists,Epidemiologist,true
Etchers and Engravers,Etcher and Engraver,true
"Excavating and Loading Machine and Dragline Operators, Surface Mining",Excavating and Loading Machine Operator,true
Executive Secretaries and Executive Administrative Assistants,Executive Secretary/Administrative Assistant,true
Exercise Physiologists,Exercise Physiologist,true
Exercise Trainers and Group Fitness Instructors,Exercise Trainer/Fitness Instructor,true
"Explosives Workers, Ordnance Handling Experts, and Blasters",Explosive Worker (Handling and Blasting),true
"Extraction Workers, All Other",Extraction Worker (Misc),true
"Extruding and Drawing Machine Setters, Operators, and Tenders, Metal and Plastic",Extruding and Drawing Machine Operator,true
"Extruding and Forming Machine Setters, Operators, and Tenders, Synthetic and Glass Fibers",Extruding and Forming Machine Operator,true
"Extruding, Forming, Pressing, and Compacting Machine Setters, Operators, and Tenders","Extruding, Forming, and Pressing Machine Operator",true
Fabric and Apparel Patternmakers,Fabric and Apparel Patternmaker,true
Facilities Managers,Facility Manager,true
Fallers,Faller,true
Family Medicine Physicians,Family Medicine Physician,true
"Family and Consumer Sciences Teachers, Postsecondary",Family and Consumer Science Teacher (Postsecondary),true
Farm Equipment Mechanics and Service Technicians,Farm Equipment Mechanic/Technician,true
Farm and Home Management Educators,Farm and Home Management Educator,true
"Farmers, Ranchers, and Other Agricultural Managers",Agricultural Manager,true
"Farmworkers and Laborers, Crop, Nursery, and Greenhouse",Farmworker/Laborer (Crop/Nursery/Greenhouse),true
"Farmworkers, Farm, Ranch, and Aquacultural Animals",Farmworker (Animal),true
Fashion Designers,Fashion Designer,true
Fast Food and Counter Workers,Fast Food (Counter),true
Fence Erectors,Fence Erector,true
Fiberglass Laminators and Fabricators,Fiberglass Laminator/Fabricator,true
File Clerks,File Clerk,true
Film and Video Editors,Film and Video Editor,true
"Financial Clerks, All Other",Financial Clerk,true
Financial Examiners,Financial Examiner,true
Financial Managers,Financial Manager,true
Financial Risk Specialists,Financial Risk Specialist,true
"Financial Specialists, All Other",Financial Specialist,true
Financial and Investment Analysts,Financial and Investment Analyst,true
"Fine Artists, Including Painters, Sculptors, and Illustrators",Fine Artist,true
Fire Inspectors and Investigators,Fire Inspector/Investigator,true
Firefighters,Firefighter,true
First-Line Supervisors of Construction Trades and Extraction Workers,First-Line Supervisor of Construction Trade and Extraction Workers,true
First-Line Supervisors of Correctional Officers,First-Line Supervisor of Correctional Officers,true
"First-Line Supervisors of Entertainment and Recreation Workers, Except Gambling Services",First-Line Supervisor of Entertainment and Recreation Workers,true
"First-Line Supervisors of Farming, Fishing, and Forestry Workers",First-Line Supervisor of Farming/Fishing/Forestry Workers,true
First-Line Supervisors of Firefighting and Prevention Workers,First-Line Supervisor of Firefighting and Prevention Workers,true
First-Line Supervisors of Food Preparation and Serving Workers,First-Line Supervisor of Food Preparation/Serving Workers,true
First-Line Supervisors of Gambling Services Workers,First-Line Supervisor of Gambling Service Workers,true
First-Line Supervisors of Housekeeping and Janitorial Workers,First-Line Supervisor of Housekeeping and Janitorial Workers,true
"First-Line Supervisors of Landscaping, Lawn Service, and Groundskeeping Workers","First-Line Supervisor of Landscaping, Lawn Service, and Groundskeeping Workers",true
"First-Line Supervisors of Mechanics, Installers, and Repairers",First-Line Supervisor of Mechanics,true
First-Line Supervisors of Non-Retail Sales Workers,First-Line Supervisor of Sales Workers (Non Retail),true
First-Line Supervisors of Office and Administrative Support Workers,First-Line Supervisor of Office and Administrative Support Workers,true
First-Line Supervisors of Personal Service Workers,First-Line Supervisor of Personal Service Workers,true
First-Line Supervisors of Police and Detectives,First-Line Supervisor of Police/Detectives,true
First-Line Supervisors of Production and Operating Workers,First-Line Supervisor of Production and Operating Workers,true
"First-Line Supervisors of Protective Service Workers, All Other",First-Line Supervisor of Protective Service Workers,true
First-Line Supervisors of Retail Sales Workers,First-Line Supervisor of Retail Sale Workers,true
First-Line Supervisors of Security Workers,First-Line Supervisor of Security Workers,true
"First-Line Supervisors of Transportation and Material Moving Workers, Except Aircraft Cargo Handling Supervisors",First-Line Supervisor of Transportation and Material Moving Workers,true
Fish and Game Wardens,Fish and Game Warden,true
Flight Attendants,Flight Attendant,true
"Floor Layers, Except Carpet, Wood, and Hard Tiles",Floor Layer (Non residential),true
Floor Sanders and Finishers,Floor Sander and Finisher,true
Floral Designers,Floral Designer,true
Food Batchmakers,Food Batchmaker,true
Food Cooking Machine Operators and Tenders,Food Cooking Machine Operator,true
Food Preparation Workers,Food Preparation Worker,true
"Food Preparation and Serving Related Workers, All Other",Food Preparation and Serving Related Worker,true
"Food Processing Workers, All Other",Food Processing Worker,true
Food Science Technicians,Food Science Technician,true
Food Scientists and Technologists,Food Scientist/Technologist,true
"Food Servers, Nonrestaurant",Food Server (Non restaurant),true
Food Service Managers,Food Service Manager,true
"Food and Tobacco Roasting, Baking, and Drying Machine Operators and Tenders",Food and Tobacco Roasting/Baking.Drying Machine Operator,true
"Foreign Language and Literature Teachers, Postsecondary",Foreign Language and Literature Teacher (Postsecondary),true
Forensic Science Technicians,Forensic Science Technician,true
Forest Fire Inspectors and Prevention Specialists,Forest Fire Inspector and Prevention Specialist,true
Forest and Conservation Technicians,Forest/Conservation Technician,true
Forest and Conservation Workers,Forest/Conservation Worker,true
Foresters,Forester,true
"Forestry and Conservation Science Teachers, Postsecondary",Forestry and Conservation Science Teacher (Postsecondary),true
"Forging Machine Setters, Operators, and Tenders, Metal and Plastic",Forging Machine Operator,true
Foundry Mold and Coremakers,Foundry Mold/Core Maker,true
Fundraisers,Fundraiser,true
Fundraising Managers,Fundraising Manager,true
Funeral Attendants,Funeral Attendant,true
Funeral Home Managers,Funeral Home Manager,true
"Furnace, Kiln, Oven, Drier, and Kettle Operators and Tenders",Furnace/Kiln/Oven Operator,true
Furniture Finishers,Furniture Finisher,true
Gambling Cage Workers,Gambling Cage Worker,true
Gambling Change Persons and Booth Cashiers,Gambling Change Person / Booth Cashier,true
Gambling Dealers,Gambling Dealer,true
Gambling Managers,Gambling Manager,true
"Gambling Service Workers, All Other",Gambling Service Worker,true
Gambling Surveillance Officers and Gambling Investigators,Gambling Surveillance Office/Investigator,true
Gambling and Sports Book Writers and Runners,Gambling/ Sport Book Writer/Runner,true
Gas Compressor and Gas Pumping Station Operators,Gas Compressor/Pumping Station Operator,true
Gas Plant Operators,Gas Plant Operator,true
General Internal Medicine Physicians,General Internal Medicine Physician,true
General and Operations Managers,General and Operation Manager,true
Genetic Counselors,Genetic Counselor,true
Geographers,Geographer,true
"Geography Teachers, Postsecondary",Geography Teacher (Postsecondary),true
"Geological Technicians, Except Hydrologic Technicians",Geological Technician,true
"Geoscientists, Except Hydrologists and Geographers",Geoscientist,true
Glaziers,Glazier,true
"Graders and Sorters, Agricultural Products",Grader/Sorter (Agriculture),true
Graphic Designers,Graphic Designer,true
"Grinding and Polishing Workers, Hand",Hand Grinding and Polishing Worker,true
"Grinding, Lapping, Polishing, and Buffing Machine Tool Setters, Operators, and Tenders, Metal and Plastic",Grinding/Lapping/Polishing Machine Operator,true
"Grounds Maintenance Workers, All Other",Ground Maintenance Worker,true
"Hairdressers, Hairstylists, and Cosmetologists",Hairdresser/Hairstylist/Cosmetologist,true
Hazardous Materials Removal Workers,Hazardous Material Removal Worker,true
Health Education Specialists,Health Education Specialist,true
Health Information Technologists and Medical Registrars,Health Information Technologist / Medical Registrar,true
"Health Specialties Teachers, Postsecondary",Health Specialty Teacher (Postsecondary),true
"Health Technologists and Technicians, All Other",Health Technologist,true
"Health and Safety Engineers, Except Mining Safety Engineers and Inspectors",Health and Safety Engineer,true
"Healthcare Diagnosing or Treating Practitioners, All Other",Healthcare Diagnosing/Treating Practitioner,true
"Healthcare Practitioners and Technical Workers, All Other",Healthcare Practitioner / Technical Worker,true
Healthcare Social Workers,Healthcare Social Worker,true
"Healthcare Support Workers, All Other",Healthcare Support Worker,true
Hearing Aid Specialists,Hearing Aid Specialist,true
"Heat Treating Equipment Setters, Operators, and Tenders, Metal and Plastic",Heat Treating Equipment Operator,true
"Heating, Air Conditioning, and Refrigeration Mechanics and Installers",HVAC Mechanic/Installer,true
Heavy and Tractor-Trailer Truck Drivers,Heavy/Tractor-Trailer Truck Driver,true
"Helpers, Construction Trades, All Other",Construction Trade Helper,true
"Helpers--Brickmasons, Blockmasons, Stonemasons, and Tile and Marble Setters",Brickmasonry/Stone-masonry Helper,true
Helpers--Carpenters,Carpentery Helper,true
Helpers--Electricians,Electrician Helper,true
Helpers--Extraction Workers,Extraction Worker Helper,true
"Helpers--Installation, Maintenance, and Repair Workers",Installation/Maintenance/Repair Worker Helper,true
"Helpers--Painters, Paperhangers, Plasterers, and Stucco Masons",Painting/Plasterer Helper,true
"Helpers--Pipelayers, Plumbers, Pipefitters, and Steamfitters",Plumbing Helper,true
Helpers--Production Workers,Production Worker Helper,true
Helpers--Roofers,Roofing Helper,true
Highway Maintenance Workers,Highway Maintenance Worker,true
Historians,Historian,true
"History Teachers, Postsecondary",History Teacher (Postsecondary),true
Hoist and Winch Operators,Hoist/Winch Operator,true
Home Appliance Repairers,Home Appliance Repairer,true
Home Health and Personal Care Aides,Home Health / Personal Care Aide,true
"Hosts and Hostesses, Restaurant, Lounge, and Coffee Shop",Host/Hostess (Restaurant),true
"Hotel, Motel, and Resort Desk Clerks",Hotel/Motel/Resort Desk Clerk,true
"Human Resources Assistants, Except Payroll and Timekeeping","Human Resource Assistant, Except Payroll and Timekeeping",true
Human Resources Managers,Human Resource Manager,true
Human Resources Specialists,Human Resource Specialist,true
Hydrologic Technicians,Hydrologic Technician,true
Hydrologists,Hydrologist,true
Industrial Engineering Technologists and Technicians,Industrial Engineering Technologist,true
Industrial Engineers,Industrial Engineer,true
Industrial Machinery Mechanics,Industrial Machinery Mechanic,true
Industrial Production Managers,Industrial Production Manager,true
Industrial Truck and Tractor Operators,Industrial Truck/Tractor Operator,true
Industrial-Organizational Psychologists,Industrial-Organizational Psychologist,true
Information Security Analysts,Information Security Analyst,true
"Information and Record Clerks, All Other",Information and Record Clerk,true
"Inspectors, Testers, Sorters, Samplers, and Weighers",Inspector/Tester/Sorter,true
"Installation, Maintenance, and Repair Workers, All Other",Maintenance/Repair Worker,true
Instructional Coordinators,Instructional Coordinator,true
"Insulation Workers, Floor, Ceiling, and Wall",Insulation Worker (Residential),true
"Insulation Workers, Mechanical",Insulation Worker (Mechanical),true
"Insurance Appraisers, Auto Damage",Auto Insurance Appraiser,true
Insurance Claims and Policy Processing Clerks,Insurance Claim / Policy Processing Clerk,true
Insurance Sales Agents,Insurance Sales Agent,true
Insurance Underwriters,Insurance Underwriter,true
Interior Designers,Interior Designer,true
Interpreters and Translators,Interpreter/Translator,true
"Interviewers, Except Eligibility and Loan",Interviewer,true
"Janitors and Cleaners, Except Maids and Housekeeping Cleaners",Janitor/Cleaner (Non residential),true
Jewelers and Precious Stone and Metal Workers,Jeweler,true
"Judges, Magistrate Judges, and Magistrates",Judge,true
Judicial Law Clerks,Judicial Law Clerk,true
"Kindergarten Teachers, Except Special Education",Kindergarten Teacher,true
Labor Relations Specialists,Labor Relation Specialist,true
"Laborers and Freight, Stock, and Material Movers, Hand",Laborer Hand,true
Landscape Architects,Landscape Architect,true
Landscaping and Groundskeeping Workers,Landscaping/Groundskeeping Worker,true
"Lathe and Turning Machine Tool Setters, Operators, and Tenders, Metal and Plastic",Lathe Operator,true
Laundry and Dry-Cleaning Workers,Laundry/Dry-Cleaning Worker,true
"Law Teachers, Postsecondary",Law Teacher (Postsecondary),true
Lawyers,Lawyer,true
"Layout Workers, Metal and Plastic",Layout Worker,true
Legal Secretaries and Administrative Assistants,Legal Secretary,true
"Legal Support Workers, All Other",Legal Support Worker,true
Librarians and Media Collections Specialists,Librarian,true
"Library Assistants, Clerical",Library Assistant,true
"Library Science Teachers, Postsecondary",Library Science Teacher (Postsecondary),true
Library Technicians,Library Technician,true
Licensed Practical and Licensed Vocational Nurses,Licensed Practical/Vocational Nurse,true
"Life Scientists, All Other",Life Scientist,true
"Life, Physical, and Social Science Technicians, All Other",Life Science Technician,true
"Lifeguards, Ski Patrol, and Other Recreational Protective Service Workers",Lifeguard/Ski Patrol,true
Light Truck Drivers,Light Truck Driver,true
Lighting Technicians,Lighting Technician,true
"Loading and Moving Machine Operators, Underground Mining",Loading/Moving Machine Operator,true
Loan Interviewers and Clerks,Loan Interviewer/Clerk,true
Loan Officers,Loan Officer,true
"Locker Room, Coatroom, and Dressing Room Attendants",Locker Room / Dressing Room Attendant,true
Locksmiths and Safe Repairers,Locksmith,true
Locomotive Engineers,Locomotive Engineer,true
Lodging Managers,Lodging Manager,true
Log Graders and Scalers,Log Grader/Scaler,true
Logging Equipment Operators,Logging Equipment Operator,true
"Logging Workers, All Other",Logging Worker,true
Logisticians,Logistician,true
Machine Feeders and Offbearers,Machine Feeder,true
Machinists,Machinist,true
Magnetic Resonance Imaging Technologists,MRI Technologist,true
Maids and Housekeeping Cleaners,Maid/Housekeeping Cleaner,true
"Mail Clerks and Mail Machine Operators, Except Postal Service",Mail Clerk (Non USPS),true
"Maintenance Workers, Machinery",Machinery Maintenance Worker,true
"Maintenance and Repair Workers, General",Maintenance/Repair Worker,true
"Makeup Artists, Theatrical and Performance",Makeup Artist,true
Management Analysts,Management Analyst,true
"Managers, All Other",Manager (Misc),true
Manicurists and Pedicurists,Manicurist/Pedicurist,true
Manufactured Building and Mobile Home Installers,Manufactured Building/Home Installer,true
Marine Engineers and Naval Architects,Marine Engineer / Naval Architect,true
Market Research Analysts and Marketing Specialists,Market Research Analyst,true
Marketing Managers,Marketing Manager,true
Marriage and Family Therapists,Marriage and Family Therapist,true
Massage Therapists,Massage Therapist,true
"Material Moving Workers, All Other",Material Moving Worker,true
Materials Engineers,Material Engineer,true
Materials Scientists,Material Scientist,true
"Mathematical Science Occupations, All Other",Mathematical Scientist,true
"Mathematical Science Teachers, Postsecondary",Mathematical Science Teacher (Postsecondary),true
Mathematicians,Mathematician,true
"Meat, Poultry, and Fish Cutters and Trimmers",Meat/Poultry/Fish Cutter,true
Mechanical Door Repairers,Mechanical Door Repairer,true
Mechanical Drafters,Mechanical Drafter,true
Mechanical Engineering Technologists and Technicians,Mechanical Engineering Technologist,true
Mechanical Engineers,Mechanical Engineer,true
"Media and Communication Equipment Workers, All Other",Media/Communication Equipment Worker,true
"Media and Communication Workers, All Other",Media/Communication Worker,true
Medical Appliance Technicians,Medical Appliance Technician,true
Medical Assistants,Medical Assistant,true
Medical Dosimetrists,Medical Dosimetrist,true
Medical Equipment Preparers,Medical Equipment Preparer,true
Medical Equipment Repairers,Medical Equipment Repairer,true
Medical Records Specialists,Medical Record Specialist,true
"Medical Scientists, Except Epidemiologists",Medical Scientist,true
Medical Secretaries and Administrative Assistants,Medical Secretary,true
Medical Transcriptionists,Medical Transcriptionist,true
Medical and Health Services Managers,Medical/Health Service Manager,true
"Meeting, Convention, and Event Planners",Event Planner,true
Mental Health and Substance Abuse Social Workers,Mental Health / Substance Abuse Social Worker,true
Merchandise Displayers and Window Trimmers,Merchandise Displayer,true
"Metal Workers and Plastic Workers, All Other",Metal/Plastic Worker,true
Metal-Refining Furnace Operators and Tenders,Metal-Refining Furnace Operator,true
"Meter Readers, Utilities",Meter Reader,true
Microbiologists,Microbiologist,true
"Middle School Teachers, Except Special and Career/Technical Education",Middle School Teacher,true
"Milling and Planing Machine Setters, Operators, and Tenders, Metal and Plastic",Milling Machine Operator,true
Millwrights,Millwright,true
"Mining and Geological Engineers, Including Mining Safety Engineers",Mining/Geological Engineer,true
Miscellaneous Assemblers and Fabricators,Assembler/Fabricator (Misc),true
Miscellaneous Construction and Related Workers,Construction Worker (Misc),true
"Mixing and Blending Machine Setters, Operators, and Tenders",Mixing/Blending Machine Operator,true
"Mobile Heavy Equipment Mechanics, Except Engines",Mobile/Equipment Mechanic,true
"Model Makers, Metal and Plastic",Model Maker,true
Models,Model,true
"Molders, Shapers, and Casters, Except Metal and Plastic",Molder/Shaper/Caster,true
"Molding, Coremaking, and Casting Machine Setters, Operators, and Tenders, Metal and Plastic",Molding/Casting Machine Operator,true
"Morticians, Undertakers, and Funeral Arrangers",Mortician/Undertaker/Funeral Arranger,true
Motion Picture Projectionists,Motion Picture Projectionist,true
"Motor Vehicle Operators, All Other",Motor Vehicle Operator (Misc),true
Motorboat Mechanics and Service Technicians,Motorboat Mechanic,true
Motorboat Operators,Motorboat Operator,true
Motorcycle Mechanics,Motorcycle Mechanic,true
"Multiple Machine Tool Setters, Operators, and Tenders, Metal and Plastic",Multiple Machine (Operator),true
Museum Technicians and Conservators,Museum Technician / Conservator,true
Music Directors and Composers,Music Director/Composer,true
Musical Instrument Repairers and Tuners,Musical Instrument Repairer/Tuner,true
Natural Sciences Managers,Natural Science Manager,true
Network and Computer Systems Administrators,System/Network Administrator,true
Neurologists,Neurologist,true
New Accounts Clerks,New Account Clerk,true
"News Analysts, Reporters, and Journalists",News Analyst/Reporter/Journalist,true
Nuclear Engineers,Nuclear Engineer,true
Nuclear Medicine Technologists,Nuclear Medicine Technologist,true
Nuclear Power Reactor Operators,Nuclear Power Reactor Operator,true
Nuclear Technicians,Nuclear Technician,true
Nurse Anesthetists,Nurse Anesthetist,true
Nurse Midwives,Nurse Midwife,true
Nurse Practitioners,Nurse Practitioner,true
Nursing Assistants,Nursing Assistant,true
"Nursing Instructors and Teachers, Postsecondary",Nursing Instructor/Teacher (Postsecondary),true
Obstetricians and Gynecologists,Obstetrician/Gynecologist,true
Occupational Health and Safety Specialists,Occupational Health and Safety Specialist,true
Occupational Health and Safety Technicians,Occupational Health and Safety Technician,true
Occupational Therapists,Occupational Therapist,true
Occupational Therapy Aides,Occupational Therapy Aide,true
Occupational Therapy Assistants,Occupational Therapy Assistant,true
"Office Clerks, General",Office Clerk,true
"Office Machine Operators, Except Computer",Office Machine Operator (Non Computer),true
"Office and Administrative Support Workers, All Other",Office/Administrative Support Worker,true
Operating Engineers and Other Construction Equipment Operators,Operating Engineer / Construction Equipment Operator,true
Operations Research Analysts,Operation Research Analyst,true
Ophthalmic Laboratory Technicians,Ophthalmic Laboratory Technician,true
Ophthalmic Medical Technicians,Ophthalmic Medical Technician,true
"Ophthalmologists, Except Pediatric",Ophthalmologist,true
"Opticians, Dispensing",Optician,true
Optometrists,Optometrist,true
Oral and Maxillofacial Surgeons,Oral Surgeon,true
Order Clerks,Order Clerk,true
Orderlies,Orderly,true
Orthodontists,Orthodontist,true
"Orthopedic Surgeons, Except Pediatric",Orthopedic Surgeon,true
Orthotists and Prosthetists,Orthotist/Prosthetist,true
Outdoor Power Equipment and Other Small Engine Mechanics,Outdoor Power Equipment / Small Engine Mechanic,true
Packaging and Filling Machine Operators and Tenders,Packaging/Filling Machine Operator,true
"Packers and Packagers, Hand",Hand Packer/Packager,true
"Painters, Construction and Maintenance",Construction/Maintenance Painter,true
"Painting, Coating, and Decorating Workers",Painting Worker,true
"Paper Goods Machine Setters, Operators, and Tenders",Paper Good Machine Operator,true
Paperhangers,Paperhanger,true
Paralegals and Legal Assistants,Paralegal,true
Paramedics,Paramedic,true
Parking Attendants,Parking Attendant,true
Parking Enforcement Workers,Parking Enforcement Worker,true
Parts Salespersons,Part Salesperson,true
Passenger Attendants,Passenger Attendant,true
"Patternmakers, Metal and Plastic",Patternmaker (Industrial),true
"Paving, Surfacing, and Tamping Equipment Operators",Paving Equipment Operator,true
Payroll and Timekeeping Clerks,Payroll/Timekeeping Clerk,true
Pediatric Surgeons,Pediatric Surgeon,true
"Pediatricians, General",Pediatrician,true
"Personal Care and Service Workers, All Other",Personal Care / Service Worker (Misc),true
Personal Financial Advisors,Personal Financial Advisor,true
"Personal Service Managers, All Other",Personal Service Manager (Misc),true
Pest Control Workers,Pest Control Worker,true
"Pesticide Handlers, Sprayers, and Applicators, Vegetation",Agricultural Pesticide Handler/Applicator,true
Petroleum Engineers,Petroleum Engineer,true
"Petroleum Pump System Operators, Refinery Operators, and Gaugers",Petroleum Pump System Operator,true
Pharmacists,Pharmacist,true
Pharmacy Aides,Pharmacy Aide,true
Pharmacy Technicians,Pharmacy Technician,true
"Philosophy and Religion Teachers, Postsecondary",Philosophy/Religion Teacher (Postsecondary),true
Phlebotomists,Phlebotomist,true
Photographers,Photographer,true
Photographic Process Workers and Processing Machine Operators,Photographic Process /MachineWorker ,true
"Physical Scientists, All Other",Physical Scientist,true
Physical Therapist Aides,Physical Therapist Aide,true
Physical Therapist Assistants,Physical Therapist Assistant,true
Physical Therapists,Physical Therapist,true
Physician Assistants,Physician Assistant,true
"Physicians, All Other",Physician (Misc),true
"Physicians, Pathologists",Pathologist,true
Physicists,Physicist,true
"Physics Teachers, Postsecondary",Physic Teacher (Postsecondary),true
Pile Driver Operators,Pile Driver Operator,true
Pipelayers,Pipelayer,true
"Plant and System Operators, All Other",Plant/System Operator (Misc),true
Plasterers and Stucco Masons,Plasterer,true
"Plating Machine Setters, Operators, and Tenders, Metal and Plastic",Plating Machine Operator,true
"Plumbers, Pipefitters, and Steamfitters",Plumber,true
Podiatrists,Podiatrist,true
Police and Sheriff's Patrol Officers,Police Officer (Patrol),true
"Political Science Teachers, Postsecondary",Political Science Teacher (Postsecondary),true
Political Scientists,Political Scientist,true
Postal Service Clerks,Postal Service Clerk,true
Postal Service Mail Carriers,Postal Service Mail Carrier,true
"Postal Service Mail Sorters, Processors, and Processing Machine Operators",Postal Service Mail Sorter/Machine Operator,true
Postmasters and Mail Superintendents,Postmaster/Mail Superintendent,true
"Postsecondary Teachers, All Other",Postsecondary Teacher (Misc),true
"Pourers and Casters, Metal",Metal Pourer/Caster,true
Power Distributors and Dispatchers,Power Distributor/Dispatcher,true
Power Plant Operators,Power Plant Operator,true
"Precision Instrument and Equipment Repairers, All Other",Precision Instrument/Equipment Repairer,true
Prepress Technicians and Workers,Prepress Technician/Worker,true
"Preschool Teachers, Except Special Education",Preschool Teacher,true
"Pressers, Textile, Garment, and Related Materials",Presser (Textile),true
Print Binding and Finishing Workers,Print Binding/Finishing Worker,true
Printing Press Operators,Printing Press Operator,true
Private Detectives and Investigators,Private Detective/Investigator,true
Probation Officers and Correctional Treatment Specialists,Probation Officer,true
Procurement Clerks,Procurement Clerk,true
Producers and Directors,Producer/Director,true
"Production Workers, All Other",Production Worker (Misc),true
"Production, Planning, and Expediting Clerks",Production Clerk,true
Project Management Specialists,Project Management Specialist,true
Proofreaders and Copy Markers,Proofreader / Copy Marker,true
Property Appraisers and Assessors,Property Appraiser/Assessor,true
"Property, Real Estate, and Community Association Managers",Property Manager,true
"Protective Service Workers, All Other",Protective Service Worker,true
Psychiatric Aides,Psychiatric Aide,true
Psychiatric Technicians,Psychiatric Technician,true
Psychiatrists,Psychiatrist,true
"Psychologists, All Other",Psychologist,true
"Psychology Teachers, Postsecondary",Psychology Teacher (Postsecondary),true
Public Relations Managers,Public Relation Manager,true
Public Relations Specialists,Public Relation Specialist,true
Public Safety Telecommunicators,Public Safety Telecommunicator,true
"Pump Operators, Except Wellhead Pumpers",Pump Operator,true
Purchasing Managers,Purchasing Manager,true
Radiation Therapists,Radiation Therapist,true
"Radio, Cellular, and Tower Equipment Installers and Repairers",Radio Equipment Installer,true
Radiologic Technologists and Technicians,Radiologic Technologist,true
Radiologists,Radiologist,true
Rail Car Repairers,Rail Car Repairer,true
"Rail Transportation Workers, All Other",Rail Transportation Worker (Misc),true
"Rail Yard Engineers, Dinkey Operators, and Hostlers",Rail Yard Engineer,true
Rail-Track Laying and Maintenance Equipment Operators,Rail-Track Laying/Maintenance Equipment Operator,true
"Railroad Brake, Signal, and Switch Operators and Locomotive Firers",Railroad Brake/Signal/Switch Operator,true
Railroad Conductors and Yardmasters,Railroad Conductor/Yardmaster,true
Real Estate Brokers,Real Estate Broker,true
Real Estate Sales Agents,Real Estate Sale Agent,true
Receptionists and Information Clerks,Receptionist / Information Clerk,true
Recreation Workers,Recreation Worker,true
"Recreation and Fitness Studies Teachers, Postsecondary",Recreation/Fitness Teacher (Postsecondary),true
Recreational Therapists,Recreational Therapist,true
Recreational Vehicle Service Technicians,Recreational Vehicle Service Technician,true
"Refractory Materials Repairers, Except Brickmasons",Refractory Material Repairer,true
Refuse and Recyclable Material Collectors,Refuse/Recyclable Material Collector,true
Registered Nurses,Registered Nurse,true
Rehabilitation Counselors,Rehabilitation Counselor,true
Reinforcing Iron and Rebar Workers,Iron/Rebar Worker,true
"Religious Workers, All Other",Religious Worker (Misc),true
Reservation and Transportation Ticket Agents and Travel Clerks,Reservation/Transportation Ticket Agent / Travel Clerk,true
Residential Advisors,Residential Advisor,true
Respiratory Therapists,Respiratory Therapist,true
Retail Salespersons,Retail Salesperson,true
Riggers,Rigger,true
"Rock Splitters, Quarry",Rock Splitter,true
"Rolling Machine Setters, Operators, and Tenders, Metal and Plastic",Rolling Machine Operator,true
"Roof Bolters, Mining",Mining Roof Bolter,true
Roofers,Roofer,true
"Rotary Drill Operators, Oil and Gas",Rotary Drill Operator,true
"Roustabouts, Oil and Gas",Roustabout (Oil/Gas),true
Sailors and Marine Oilers,Sailor/Marine Oiler,true
Sales Engineers,Sales Engineer,true
Sales Managers,Sales Manager,true
"Sales Representatives of Services, Except Advertising, Insurance, Financial Services, and Travel",Sales Representative (Service),true
"Sales Representatives, Wholesale and Manufacturing, Except Technical and Scientific Products","Sales Representative (Wholesale, non-Scientific)",true
"Sales Representatives, Wholesale and Manufacturing, Technical and Scientific Products","Sales Representative (Wholesale, Scientific)",true
"Sales and Related Workers, All Other",Sales/Related Worker (Misc),true
"Sawing Machine Setters, Operators, and Tenders, Wood",Sawing Machine Operator,true
School Bus Monitors,School Bus Monitor,true
School Psychologists,School Psychologist,true
"Secondary School Teachers, Except Special and Career/Technical Education",Secondary School Teacher,true
"Secretaries and Administrative Assistants, Except Legal, Medical, and Executive",Secretary / Administrative Assistant,true
"Securities, Commodities, and Financial Services Sales Agents",Sales Agent,true
Security Guards,Security Guard,true
Security and Fire Alarm Systems Installers,Security and Fire Alarm System Installer,true
Self-Enrichment Teachers,Self-Enrichment Teacher,true
Semiconductor Processing Technicians,Semiconductor Processing Technician,true
"Separating, Filtering, Clarifying, Precipitating, and Still Machine Setters, Operators, and Tenders",Separating Machine Operator,true
Septic Tank Servicers and Sewer Pipe Cleaners,Septic Tank/Pipe Servicer,true
"Service Unit Operators, Oil and Gas",Service Unit Operator (Oil/Gas),true
Set and Exhibit Designers,Set/Exhibit Designer,true
"Sewers, Hand",Hand Sewer,true
Sewing Machine Operators,Sewing Machine Operator,true
Shampooers,Shampooer,true
Sheet Metal Workers,Sheet Metal Worker,true
Ship Engineers,Ship Engineer,true
"Shipping, Receiving, and Inventory Clerks",Shipping/Receiving/Inventory Clerk,true
Shoe Machine Operators and Tenders,Shoe Machine Operator,true
Shoe and Leather Workers and Repairers,Shoe and Leather Worker,true
Shuttle Drivers and Chauffeurs,Shuttle Driver/Chauffeur,true
Signal and Track Switch Repairers,Signal/Track Switch Repairer,true
Skincare Specialists,Skincare Specialist,true
Slaughterers and Meat Packers,Slaughterer/Meat Packer,true
Social Science Research Assistants,Social Science Research Assistant,true
"Social Sciences Teachers, Postsecondary, All Other",Social Science Teacher (Postsecondary),true
"Social Scientists and Related Workers, All Other",Social Scientist / Related Worker (Misc),true
"Social Work Teachers, Postsecondary",Social Work Teacher (Postsecondary),true
"Social Workers, All Other",Social Worker,true
Social and Community Service Managers,Social/Community Service Manager,true
Social and Human Service Assistants,Social/Human Service Assistant,true
Sociologists,Sociologist,true
"Sociology Teachers, Postsecondary",Sociology Teacher (Postsecondary),true
Software Developers,Software Developer,true
Software Quality Assurance Analysts and Testers,Software Quality Assurance Analyst/Tester,true
Soil and Plant Scientists,Soil/Plant Scientist,true
Solar Photovoltaic Installers,Solar Photovoltaic Installer,true
Sound Engineering Technicians,Sound Engineering Technician,true
"Special Education Teachers, All Other",Special Education Teacher (Misc),true
"Special Education Teachers, Kindergarten and Elementary School",Special Education Teacher (Elementary),true
"Special Education Teachers, Middle School",Special Education Teacher (Middle School),true
"Special Education Teachers, Preschool",Special Education Teacher (Preschool),true
"Special Education Teachers, Secondary School",Special Education Teacher (Secondary),true
Special Effects Artists and Animators,Special Effect Artist / Animator,true
Speech-Language Pathologists,Speech-Language Pathologist,true
Stationary Engineers and Boiler Operators,Stationary Engineer/Boiler Operator,true
Statistical Assistants,Statistical Assistant,true
Statisticians,Statistician,true
Stockers and Order Fillers,Stocker / Order Filler,true
Stonemasons,Stonemason,true
Structural Iron and Steel Workers,Structural Iron/Steel Worker,true
Structural Metal Fabricators and Fitters,Structural Metal Fabricator,true
"Substance Abuse, Behavioral Disorder, and Mental Health Counselors",Substance Abuse / Mental Health Counselor,true
"Substitute Teachers, Short-Term",Substitute Teacher (Short-Term),true
Subway and Streetcar Operators,Subway/Streetcar Operator,true
"Surgeons, All Other",Surgeon,true
Surgical Assistants,Surgical Assistant,true
Surgical Technologists,Surgical Technologist,true
Survey Researchers,Survey Researcher,true
Surveying and Mapping Technicians,Surveying/Mapping Technician,true
Surveyors,Surveyor,true
"Switchboard Operators, Including Answering Service",Switchboard Operator,true
"Tailors, Dressmakers, and Custom Sewers",Tailor/Dressmaker,true
"Tank Car, Truck, and Ship Loaders",Tank Car/Truck/Ship Loader,true
Tapers,Taper,true
"Tax Examiners and Collectors, and Revenue Agents",Tax Examiner/Collector,true
Tax Preparers,Tax Preparer,true
Taxi Drivers,Taxi Driver,true
"Teachers and Instructors, All Other",Teacher/Instructor (Misc),true
"Teaching Assistants, Except Postsecondary",Teaching Assistant (K-12),true
"Teaching Assistants, Postsecondary",Teaching Assistant (Postsecondary),true
Technical Writers,Technical Writer,true
"Telecommunications Equipment Installers and Repairers, Except Line Installers",Telecommunication Equipment Installer/Repairer,true
Telecommunications Line Installers and Repairers,Telecommunication Line Installer/Repairer,true
Telemarketers,Telemarketer,true
Telephone Operators,Telephone Operator,true
Tellers,Teller,true
Terrazzo Workers and Finishers,Terrazzo Worker/Finisher,true
Textile Bleaching and Dyeing Machine Operators and Tenders,Textile Bleaching/Dyeing Machine Operator,true
"Textile Cutting Machine Setters, Operators, and Tenders",Textile Cutting Machine Operator,true
"Textile Knitting and Weaving Machine Setters, Operators, and Tenders",Textile Knitting/Weaving Machine Operator,true
"Textile Winding, Twisting, and Drawing Out Machine Setters, Operators, and Tenders",Textile Winding Machine Operator,true
"Textile, Apparel, and Furnishings Workers, All Other",Textile/Furnishing Worker,true
"Therapists, All Other",Therapist,true
Tile and Stone Setters,Tile/Stone Setter,true
Tire Builders,Tire Builder,true
Tire Repairers and Changers,Tire Repairer/Changer,true
"Title Examiners, Abstractors, and Searchers",Title Examiner,true
"Tool Grinders, Filers, and Sharpeners",Tool Grinder,true
Tool and Die Makers,Tool and Die Maker,true
Tour and Travel Guides,Tour/Travel Guide,true
Traffic Technicians,Traffic Technician,true
Training and Development Managers,Training and Development Manager,true
Training and Development Specialists,Training and Development Specialist,true
Transit and Railroad Police,Transit/Railroad Police,false
Transportation Inspectors,Transportation Inspector,true
Transportation Security Screeners,Transportation Security Screener,true
"Transportation Workers, All Other",Transportation Worker (Misc),true
"Transportation, Storage, and Distribution Managers",Transportation/Distribution Manager,true
Travel Agents,Travel Agent,true
Tree Trimmers and Pruners,Tree Trimmer/Pruner,true
Tutors,Tutor,true
"Umpires, Referees, and Other Sports Officials",Sports Official,true
"Underground Mining Machine Operators, All Other",Underground Mining Machine Operator,true
Upholsterers,Upholsterer,true
Urban and Regional Planners,Urban/Regional Planner,true
"Ushers, Lobby Attendants, and Ticket Takers",Usher / Ticket Taker,true
Veterinarians,Veterinarian,true
Veterinary Assistants and Laboratory Animal Caretakers,Veterinary Assistant / Laboratory Animal Caretaker,true
Veterinary Technologists and Technicians,Veterinary Technologist/Technician,true
Waiters and Waitresses,Waiter/Waitress,true
Watch and Clock Repairers,Watch/Clock Repairer,true
Water and Wastewater Treatment Plant and System Operators,Water/Wastewater Treatment Plant Operator,true
Web Developers,Web Developer,true
Web and Digital Interface Designers,Web/Digital Interface Designer,true
"Weighers, Measurers, Checkers, and Samplers, Recordkeeping",Recordkeeping Weigher,true
"Welders, Cutters, Solderers, and Brazers",Welder,true
"Welding, Soldering, and Brazing Machine Setters, Operators, and Tenders",Welding Machine Operator,true
Wellhead Pumpers,Wellhead Pumper,true
Wind Turbine Service Technicians,Wind Turbine Service Technician,true
"Woodworkers, All Other",Woodworker,true
"Woodworking Machine Setters, Operators, and Tenders, Except Sawing",Woodworking Machine Operator,true
Word Processors and Typists,Word Processor / Typist,true
Writers and Authors,Writer/Author,true
Zoologists and Wildlife Biologists,Zoologist / Wildlife Biologist,true
